Label,# Samples,Average,Median,90% Line,95% Line,99% Line,Min,Max,Error %,App specific
jmeter_login_and_view_dashboard,2,1740,1740,1761,1763,1765,1713,1766,0.0,False
jmeter_view_issue,32,1221,1206,1286,1335,1409,1129,1434,0.0,False
jmeter_search_jql,10,2030,2026,2136,2178,2212,1931,2221,0.0,False
jmeter_view_dashboard,9,950,943,1003,1026,1045,889,1050,0.0,False
jmeter_browse_projects,8,480,478,506,511,515,454,516,0.0,False
jmeter_view_scrum_board,7,1217,1206,1275,1280,1284,1158,1285,0.0,False
jmeter_view_backlog,6,1147,1124,1223,1240,1254,1069,1258,0.0,False
jmeter_view_kanban_board,6,1207,1192,1276,1295,1311,1134,1315,0.0,False
jmeter_create_issue:open_quick_create,4,278,276,284,285,286,271,286,0.0,False
jmeter_create_issue:fill_and_submit_issue_form,4,350,350,396,396,396,303,396,0.0,False
jmeter_edit_issue:open_editor,5,665,666,693,694,694,625,694,0.0,False
jmeter_edit_issue:save_edit,5,1191,1210,1235,1240,1243,1075,1244,0.0,False
jmeter_view_project_summary,3,1048,1048,1090,1096,1100,994,1101,0.0,False
jmeter_add_comment:open_comment,2,605,605,609,610,610,600,610,0.0,False
jmeter_add_comment:save_comment,2,1211,1211,1234,1237,1239,1182,1240,0.0,False
jmeter_browse_boards,1,676,676,676,676,676,676,676,0.0,False
selenium_login:open_login_page,19,285,188,264,452,1567,178,1846,0.0,False
selenium_login:login_and_view_dashboard,19,638,585,655,763,1362,530,1512,0.0,False
selenium_login,19,1167,1018,1129,1396,3135,950,3570,0.0,False
ctc_set_project_compliance_settings,19,1406,1258,1814,1949,2525,1174,2669,0.0,True
selenium_log_out,19,503,497,552,619,744,396,775,0.0,False
