Label,# Samples,Average,Median,90% Line,95% Line,99% Line,Min,Max,Error %,App specific
jmeter_login_and_view_dashboard,2,1706,1706,1738,1742,1745,1667,1746,0.0,False
jmeter_view_issue,31,1247,1248,1354,1382,1414,1135,1418,0.0,False
jmeter_search_jql,10,2092,2099,2189,2243,2286,1985,2297,0.0,False
jmeter_view_dashboard,9,967,957,1034,1071,1101,901,1108,0.0,False
jmeter_browse_projects,8,459,449,488,504,517,429,520,0.0,False
jmeter_view_scrum_board,7,1249,1246,1304,1324,1340,1177,1344,0.0,False
jmeter_view_backlog,6,1136,1122,1209,1224,1236,1052,1239,0.0,False
jmeter_view_kanban_board,6,1175,1178,1195,1196,1198,1152,1198,0.0,False
jmeter_create_issue:open_quick_create,4,312,297,351,361,369,281,371,0.0,False
jmeter_create_issue:fill_and_submit_issue_form,4,445,419,534,558,576,360,581,0.0,False
jmeter_edit_issue:open_editor,5,651,660,681,685,688,612,689,0.0,False
jmeter_edit_issue:save_edit,4,1237,1232,1265,1269,1272,1210,1273,0.0,False
jmeter_view_project_summary,3,1043,1036,1057,1059,1061,1032,1062,0.0,False
jmeter_add_comment:open_comment,2,620,620,624,624,625,614,625,0.0,False
jmeter_add_comment:save_comment,2,1353,1353,1366,1367,1369,1337,1369,0.0,False
jmeter_browse_boards,1,671,671,671,671,671,671,671,0.0,False
selenium_login:open_login_page,12,337,189,264,991,1697,181,1874,0.0,False
selenium_login:login_and_view_dashboard,12,716,611,633,1241,1834,537,1982,0.0,False
selenium_login,12,1294,1042,1111,2448,3754,973,4080,0.0,False
selenium_ctc_view_projects_action,12,403,304,316,892,1454,239,1595,0.0,True
ctc_view_project_compliance_settings,12,340,324,400,515,622,252,649,0.0,True
ctc_set_project_compliance_settings,12,590,585,698,703,705,480,705,100.0,True
ctc_view_project_audit_history,12,538,533,570,624,675,469,688,0.0,True
ctc_view_project_audit_history_details,12,719,685,808,830,851,627,856,0.0,True
selenium_log_out,12,557,566,611,612,613,488,613,0.0,False
