Label,# Samples,Average,Median,90% Line,95% Line,99% Line,Min,Max,Error %,App specific
jmeter_login_and_view_dashboard,2,1764,1764,1774,1775,1776,1752,1776,0.0,False
jmeter_view_issue,31,1234,1216,1309,1398,1438,1114,1446,0.0,False
jmeter_search_jql,10,2049,2004,2172,2187,2199,1944,2202,0.0,False
jmeter_view_dashboard,9,964,949,1022,1029,1035,903,1036,0.0,False
jmeter_browse_projects,8,473,472,487,490,492,453,493,0.0,False
jmeter_view_scrum_board,7,1220,1222,1262,1266,1268,1171,1269,0.0,False
jmeter_view_backlog,6,1118,1105,1182,1196,1206,1061,1209,0.0,False
jmeter_view_kanban_board,6,1179,1180,1206,1210,1213,1139,1214,0.0,False
jmeter_create_issue:open_quick_create,4,283,282,289,290,291,277,291,0.0,False
jmeter_create_issue:fill_and_submit_issue_form,4,324,322,341,344,346,304,347,0.0,False
jmeter_edit_issue:open_editor,5,658,660,694,696,698,615,699,0.0,False
jmeter_edit_issue:save_edit,5,1228,1234,1263,1264,1264,1162,1264,0.0,False
jmeter_view_project_summary,3,1070,1094,1096,1096,1096,1020,1096,0.0,False
jmeter_add_comment:open_comment,2,660,660,662,662,662,659,662,0.0,False
jmeter_add_comment:save_comment,2,1352,1352,1402,1409,1414,1289,1415,0.0,False
jmeter_browse_boards,1,612,612,612,612,612,612,612,0.0,False
selenium_login:open_login_page,5,541,198,1229,1550,1807,184,1871,0.0,False
selenium_login:login_and_view_dashboard,5,696,568,974,1103,1207,547,1233,0.0,False
selenium_login,5,1478,1003,2431,2889,3255,987,3347,0.0,False
selenium_ctc_view_projects_action,5,546,318,1015,1239,1419,302,1464,0.0,True
ctc_view_project_compliance_settings,5,433,357,655,745,817,257,835,0.0,True
ctc_set_project_compliance_settings,5,9099,1380,20742,20785,20819,1331,20828,40.0,True
ctc_view_project_audit_history,5,456,450,580,623,657,354,666,0.0,True
ctc_view_project_audit_history_details,5,738,731,801,806,810,631,811,0.0,True
selenium_log_out,5,552,572,613,615,617,435,617,0.0,False
