Label,# Samples,Average,Median,90% Line,95% Line,99% Line,Min,Max,Error %,App specific
jmeter_login_and_view_dashboard,2,1713,1713,1717,1718,1718,1708,1718,0.0,False
jmeter_view_issue,4,1267,1289,1303,1306,1308,1180,1309,0.0,False
jmeter_search_jql,1,1984,1984,1984,1984,1984,1984,1984,0.0,False
jmeter_view_dashboard,1,1061,1061,1061,1061,1061,1061,1061,0.0,False
jmeter_browse_projects,1,469,469,469,469,469,469,469,0.0,False
jmeter_view_scrum_board,1,1253,1253,1253,1253,1253,1253,1253,0.0,False
jmeter_view_backlog,1,1210,1210,1210,1210,1210,1210,1210,0.0,False
jmeter_view_kanban_board,1,1232,1232,1232,1232,1232,1232,1232,0.0,False
jmeter_create_issue:open_quick_create,1,289,289,289,289,289,289,289,0.0,False
jmeter_create_issue:fill_and_submit_issue_form,1,458,458,458,458,458,458,458,0.0,False
jmeter_edit_issue:open_editor,1,678,678,678,678,678,678,678,0.0,False
selenium_login:open_login_page,4,628,249,1369,1603,1790,178,1837,0.0,False
selenium_login:login_and_view_dashboard,3,876,635,1285,1367,1432,545,1448,0.0,False
selenium_login,3,1852,1100,3007,3246,3436,972,3484,0.0,False
ctc_set_project_compliance_settings,3,1114,648,1782,1924,2038,628,2066,100.0,True
selenium_log_out,3,599,605,647,652,656,536,657,0.0,False
