Label,# Samples,Average,Median,90% Line,95% Line,99% Line,Min,Max,Error %,App specific
jmeter_login_and_view_dashboard,2,1825,1825,1847,1850,1852,1797,1853,0.0,False
jmeter_view_issue,31,1247,1243,1361,1426,1448,1095,1452,0.0,False
jmeter_search_jql,10,2058,2044,2131,2199,2253,1919,2267,0.0,False
jmeter_view_dashboard,9,991,965,1078,1156,1218,909,1234,0.0,False
jmeter_browse_projects,8,495,488,526,534,540,469,541,0.0,False
jmeter_view_scrum_board,7,1281,1278,1342,1348,1354,1219,1355,0.0,False
jmeter_view_backlog,5,1127,1112,1193,1202,1208,1052,1210,0.0,False
jmeter_view_kanban_board,6,1185,1180,1234,1247,1257,1129,1259,0.0,False
jmeter_create_issue:open_quick_create,4,286,284,302,303,304,269,304,0.0,False
jmeter_create_issue:fill_and_submit_issue_form,4,363,356,418,431,441,297,444,0.0,False
jmeter_edit_issue:open_editor,5,637,636,663,671,677,613,679,0.0,False
jmeter_edit_issue:save_edit,4,1316,1303,1392,1405,1415,1238,1418,0.0,False
jmeter_view_project_summary,3,1057,1072,1091,1094,1096,1004,1096,0.0,False
jmeter_add_comment:open_comment,2,684,684,744,752,758,609,759,0.0,False
jmeter_add_comment:save_comment,2,1316,1316,1320,1320,1321,1310,1321,0.0,False
jmeter_browse_boards,1,687,687,687,687,687,687,687,0.0,False
selenium_login:open_login_page,16,314,200,288,697,1626,178,1858,0.0,False
selenium_login:login_and_view_dashboard,16,649,586,692,878,1306,525,1413,0.0,False
selenium_login,16,1200,1038,1134,1730,3140,966,3492,0.0,False
selenium_ctc_view_projects_action,16,364,306,317,596,1262,240,1429,0.0,True
ctc_view_project_compliance_settings,16,346,328,384,478,692,250,746,0.0,True
ctc_view_project_audit_history,16,400,386,504,556,651,276,675,0.0,True
ctc_view_project_audit_history_details,16,779,775,882,904,937,623,945,0.0,True
selenium_log_out,16,554,546,606,637,682,455,693,0.0,False
