Label,# Samples,Average,Median,90% Line,95% Line,99% Line,Min,Max,Error %,App specific
jmeter_login_and_view_dashboard,2,1733,1733,1748,1750,1752,1714,1752,0.0,False
jmeter_view_issue,495,1221,1208,1315,1360,1451,1093,1529,0.0,False
jmeter_search_jql,160,2055,2042,2187,2223,2285,1900,2438,0.0,False
jmeter_view_dashboard,145,1007,996,1074,1108,1195,903,1214,0.0,False
jmeter_browse_projects,130,482,469,532,593,623,428,651,0.0,False
jmeter_view_scrum_board,116,1244,1234,1327,1347,1415,1155,1486,0.0,False
jmeter_view_backlog,87,1125,1110,1214,1273,1316,1036,1355,0.0,False
jmeter_view_kanban_board,101,1203,1189,1282,1319,1363,1113,1376,0.0,False
jmeter_create_issue:open_quick_create,58,286,281,302,311,378,262,461,0.0,False
jmeter_create_issue:fill_and_submit_issue_form,58,358,348,430,458,502,276,528,0.0,False
jmeter_edit_issue:open_editor,73,652,644,701,735,747,596,750,0.0,False
jmeter_edit_issue:save_edit,72,1206,1214,1332,1370,1417,1045,1460,0.0,False
jmeter_view_project_summary,44,1029,1016,1076,1112,1129,980,1133,0.0,False
jmeter_add_comment:open_comment,29,627,617,683,707,736,580,743,0.0,False
jmeter_add_comment:save_comment,29,1316,1286,1416,1424,1699,1189,1805,0.0,False
jmeter_browse_boards,14,674,642,762,820,882,597,898,0.0,False
selenium_login:open_login_page,19,314,199,285,520,1840,180,2170,0.0,False
selenium_login:login_and_view_dashboard,19,703,644,684,810,1681,583,1899,0.0,False
selenium_login,19,1248,1066,1164,1522,3830,1012,4407,0.0,False
selenium_browse_projects_list,19,330,310,342,428,1039,220,1192,0.0,False
selenium_browse_boards_list,19,988,948,1085,1175,1796,802,1951,0.0,False
selenium_project_summary,19,664,531,956,1164,2263,370,2537,0.0,False
selenium_create_issue:open_quick_create,19,947,856,1195,1260,1535,689,1604,0.0,False
selenium_create_issue:fill_and_submit_issue_form:submit_issue_form,19,747,724,833,901,1266,577,1357,0.0,False
selenium_create_issue:fill_and_submit_issue_form,19,1282,1117,1774,1856,1858,820,1858,0.0,False
selenium_create_issue,19,2230,2101,2557,2788,3327,1792,3462,0.0,False
selenium_edit_issue:open_edit_issue_form,19,363,331,425,493,847,269,936,0.0,False
selenium_edit_issue:save_edit_issue_form,19,749,695,757,878,1513,654,1672,0.0,False
selenium_edit_issue,19,1964,1898,2064,2207,3081,1709,3299,0.0,False
selenium_save_comment:open_comment_form,19,371,367,404,429,499,312,516,0.0,False
selenium_save_comment:submit_form,19,720,718,767,775,792,655,796,0.0,False
selenium_save_comment,19,1816,1810,1932,2035,2051,1672,2055,0.0,False
selenium_search_jql,19,959,910,1112,1226,1856,697,2014,0.0,False
selenium_view_scrum_board_backlog,19,1058,981,1051,1263,2509,829,2821,0.0,False
selenium_view_scrum_board,19,1064,990,1118,1279,2427,838,2714,0.0,False
selenium_view_kanban_board,19,961,990,1058,1112,1113,811,1113,0.0,False
selenium_view_dashboard,19,329,328,377,420,431,277,434,0.0,False
selenium_view_issue,19,550,536,613,624,629,451,630,0.0,False
selenium_ctc_view_projects_action,19,483,425,492,584,1236,398,1399,0.0,True
ctc_view_project_compliance_settings,19,407,383,450,541,842,299,917,0.0,True
ctc_set_project_compliance_settings,19,2271,2257,2461,2492,2531,2012,2541,0.0,True
ctc_view_project_audit_history,19,386,355,426,589,823,303,882,0.0,True
ctc_view_project_audit_history_details,19,722,696,842,930,1000,588,1018,0.0,True
ctc_complete_new_audit,19,28106,28067,28641,28735,28761,27652,28767,0.0,True
selenium_log_out,19,647,692,741,775,775,456,775,0.0,False
