Label,# Samples,Average,Median,90% Line,95% Line,99% Line,Min,Max,Error %,App specific
jmeter_login_and_view_dashboard,2,1882,1882,1899,1901,1903,1862,1903,0.0,False
jmeter_view_issue,32,1187,1176,1282,1309,1335,1086,1339,0.0,False
jmeter_search_jql,10,1998,1981,2068,2098,2122,1910,2128,0.0,False
jmeter_view_dashboard,9,937,932,988,989,990,870,990,0.0,False
jmeter_browse_projects,8,467,467,485,497,507,444,509,0.0,False
jmeter_view_scrum_board,8,1237,1244,1290,1297,1303,1162,1305,0.0,False
jmeter_view_backlog,6,1080,1073,1116,1135,1149,1045,1153,0.0,False
jmeter_view_kanban_board,6,1204,1178,1310,1342,1368,1110,1375,0.0,False
jmeter_create_issue:open_quick_create,4,289,284,308,311,314,274,315,0.0,False
jmeter_create_issue:fill_and_submit_issue_form,4,358,358,403,411,417,298,419,0.0,False
jmeter_edit_issue:open_editor,5,635,647,665,669,671,592,672,0.0,False
jmeter_edit_issue:save_edit,5,1262,1233,1357,1394,1424,1175,1431,0.0,False
jmeter_view_project_summary,3,1043,1050,1075,1078,1080,998,1081,0.0,False
jmeter_add_comment:open_comment,2,602,602,611,612,613,592,613,0.0,False
jmeter_add_comment:save_comment,2,1255,1255,1324,1332,1339,1169,1341,0.0,False
jmeter_browse_boards,1,620,620,620,620,620,620,620,0.0,False
selenium_login:open_login_page,3,753,236,1519,1680,1808,182,1840,0.0,False
selenium_login:login_and_view_dashboard,3,1216,1305,1713,1764,1805,529,1815,0.0,False
selenium_login,3,2173,2180,3142,3262,3358,958,3382,0.0,False
selenium_ctc_view_projects_action,3,713,311,1321,1448,1549,253,1574,0.0,True
ctc_view_project_compliance_settings,3,494,343,721,768,806,325,815,0.0,True
ctc_set_project_compliance_settings,3,20930,20939,20957,20960,20962,20888,20962,100.0,True
ctc_view_project_audit_history,3,676,537,871,913,947,537,955,0.0,True
ctc_view_project_audit_history_details,3,695,662,759,771,781,641,783,0.0,True
selenium_log_out,3,544,522,575,581,587,521,588,0.0,False
