Label,# Samples,Average,Median,90% Line,95% Line,99% Line,Min,Max,Error %,App specific
jmeter_login_and_view_dashboard,2,1764,1764,1784,1786,1788,1739,1789,0.0,False
jmeter_view_issue,31,1237,1215,1307,1346,1432,1121,1468,0.0,False
jmeter_search_jql,10,2061,2068,2114,2120,2125,1982,2126,0.0,False
jmeter_view_dashboard,9,985,964,1055,1094,1124,912,1132,0.0,False
jmeter_browse_projects,8,466,460,495,498,500,444,500,0.0,False
jmeter_view_scrum_board,7,1277,1275,1340,1360,1376,1164,1380,0.0,False
jmeter_view_backlog,6,1115,1088,1194,1202,1208,1056,1209,0.0,False
jmeter_view_kanban_board,6,1221,1225,1279,1288,1296,1158,1298,0.0,False
jmeter_create_issue:open_quick_create,4,288,288,291,291,291,282,291,0.0,False
jmeter_create_issue:fill_and_submit_issue_form,4,349,353,356,357,357,333,357,0.0,False
jmeter_edit_issue:open_editor,5,695,713,749,760,769,599,771,0.0,False
jmeter_edit_issue:save_edit,4,1236,1236,1264,1269,1274,1198,1275,0.0,False
jmeter_view_project_summary,3,1076,1080,1113,1117,1120,1027,1121,0.0,False
jmeter_add_comment:open_comment,2,640,640,683,689,693,585,694,0.0,False
jmeter_add_comment:save_comment,2,1248,1248,1252,1252,1253,1243,1253,0.0,False
jmeter_browse_boards,1,627,627,627,627,627,627,627,0.0,False
selenium_login:open_login_page,19,288,192,281,443,1553,182,1831,0.0,False
selenium_login:login_and_view_dashboard,19,635,587,657,774,1280,538,1407,0.0,False
selenium_login,19,1173,1029,1177,1408,3032,959,3438,0.0,False
ctc_set_project_compliance_settings,19,1441,1364,1407,1571,2691,1282,2971,0.0,True
selenium_log_out,19,493,492,634,638,656,405,660,0.0,False
