Label,# Samples,Average,Median,90% Line,95% Line,99% Line,Min,Max,Error %,App specific
jmeter_login_and_view_dashboard,2,1676,1676,1681,1681,1682,1670,1682,0.0,False
jmeter_view_issue,19,1220,1233,1288,1292,1318,1124,1325,0.0,False
jmeter_search_jql,6,2112,2106,2175,2187,2197,2029,2199,0.0,False
jmeter_view_dashboard,6,992,982,1037,1048,1058,945,1060,0.0,False
jmeter_browse_projects,5,491,506,517,520,522,456,523,0.0,False
jmeter_view_scrum_board,5,1247,1253,1262,1264,1266,1210,1266,0.0,False
jmeter_view_backlog,3,1166,1147,1237,1249,1258,1090,1260,0.0,False
jmeter_view_kanban_board,3,1179,1188,1205,1207,1209,1139,1209,0.0,False
jmeter_create_issue:open_quick_create,2,282,282,283,283,283,281,283,0.0,False
jmeter_create_issue:fill_and_submit_issue_form,2,314,314,322,323,324,304,324,0.0,False
jmeter_edit_issue:open_editor,3,666,676,681,681,682,640,682,0.0,False
jmeter_edit_issue:save_edit,3,1253,1254,1263,1264,1265,1239,1265,0.0,False
jmeter_view_project_summary,2,1052,1052,1073,1075,1077,1025,1078,0.0,False
jmeter_add_comment:open_comment,1,648,648,648,648,648,648,648,0.0,False
jmeter_add_comment:save_comment,1,1288,1288,1288,1288,1288,1288,1288,0.0,False
selenium_login:open_login_page,4,616,200,1374,1624,1824,190,1874,0.0,False
selenium_login:login_and_view_dashboard,4,879,570,1450,1638,1788,552,1825,0.0,False
selenium_login,4,1741,1018,3054,3490,3839,1004,3926,0.0,False
ctc_set_project_compliance_settings,3,8602,3439,17101,18809,20175,1851,20517,33.0,True
selenium_log_out,3,519,436,637,662,682,434,687,0.0,False
