Label,# Samples,Average,Median,90% Line,95% Line,99% Line,Min,Max,Error %,App specific
jmeter_login_and_view_dashboard,2,1898,1898,1932,1936,1939,1855,1940,0.0,False
jmeter_view_issue,28,1351,1327,1415,1584,1877,1173,1955,0.0,False
jmeter_search_jql,9,2321,2357,2534,2585,2627,1973,2637,0.0,False
jmeter_view_dashboard,8,1071,1042,1186,1248,1298,929,1311,0.0,False
jmeter_browse_projects,7,531,516,564,586,603,498,607,0.0,False
jmeter_view_scrum_board,7,1357,1395,1426,1439,1449,1212,1452,0.0,False
jmeter_view_backlog,5,1255,1208,1347,1352,1356,1176,1357,0.0,False
jmeter_view_kanban_board,6,1362,1317,1510,1574,1625,1206,1638,0.0,False
jmeter_create_issue:open_quick_create,3,319,333,335,336,336,287,336,0.0,False
jmeter_create_issue:fill_and_submit_issue_form,3,349,348,402,409,415,283,416,0.0,False
jmeter_edit_issue:open_editor,4,674,673,727,732,735,615,736,0.0,False
jmeter_edit_issue:save_edit,4,1426,1456,1542,1558,1571,1219,1574,0.0,False
jmeter_view_project_summary,2,1221,1221,1247,1251,1253,1188,1254,0.0,False
jmeter_add_comment:open_comment,2,695,695,704,705,706,684,706,0.0,False
jmeter_add_comment:save_comment,2,1478,1478,1489,1491,1492,1465,1492,0.0,False
jmeter_browse_boards,1,740,740,740,740,740,740,740,0.0,False
selenium_login:open_login_page,15,360,201,374,1002,2020,184,2274,0.0,False
selenium_login:login_and_view_dashboard,15,743,651,690,1128,1945,512,2149,0.0,False
selenium_login,15,1387,1154,1355,2384,4199,939,4653,0.0,False
ctc_set_project_compliance_settings,15,2037,1919,2002,2475,3329,1895,3542,0.0,True
selenium_log_out,15,540,533,648,686,717,417,725,0.0,False
