Label,# Samples,Average,Median,90% Line,95% Line,99% Line,Min,Max,Error %,App specific
jmeter_login_and_view_dashboard,2,1756,1756,1798,1803,1807,1705,1808,0.0,False
jmeter_view_issue,31,1210,1195,1335,1342,1352,1091,1356,0.0,False
jmeter_search_jql,10,2056,2052,2141,2142,2142,1959,2142,0.0,False
jmeter_view_dashboard,9,1007,963,1133,1157,1176,914,1181,0.0,False
jmeter_browse_projects,8,463,452,505,519,531,436,534,0.0,False
jmeter_view_scrum_board,7,1217,1210,1270,1287,1301,1166,1305,0.0,False
jmeter_view_backlog,6,1108,1106,1154,1166,1176,1035,1179,0.0,False
jmeter_view_kanban_board,6,1182,1183,1210,1212,1214,1132,1214,0.0,False
jmeter_create_issue:open_quick_create,4,283,280,297,300,303,269,304,0.0,False
jmeter_create_issue:fill_and_submit_issue_form,4,364,366,396,401,405,320,406,0.0,False
jmeter_edit_issue:open_editor,5,651,647,691,699,705,590,707,0.0,False
jmeter_edit_issue:save_edit,5,1257,1214,1351,1372,1389,1178,1393,0.0,False
jmeter_view_project_summary,3,1017,1005,1045,1050,1054,990,1055,0.0,False
jmeter_add_comment:open_comment,2,702,702,772,780,787,615,789,0.0,False
jmeter_add_comment:save_comment,2,1368,1368,1370,1371,1371,1366,1371,0.0,False
jmeter_browse_boards,1,619,619,619,619,619,619,619,0.0,False
selenium_login:open_login_page,4,605,200,1348,1592,1786,185,1835,0.0,False
selenium_login:login_and_view_dashboard,4,808,658,1164,1260,1337,562,1356,0.0,False
selenium_login,4,1655,1112,2726,3052,3314,1017,3379,0.0,False
selenium_ctc_view_projects_action,4,642,358,1211,1391,1535,284,1571,0.0,True
ctc_view_project_compliance_settings,4,519,387,783,866,932,353,949,0.0,True
ctc_set_project_compliance_settings,4,15901,20713,20830,20853,20872,1300,20877,75.0,True
ctc_view_project_audit_history,4,556,530,741,781,814,340,822,0.0,True
ctc_view_project_audit_history_details,4,707,678,780,797,811,657,815,0.0,True
selenium_log_out,4,515,520,575,586,594,425,596,0.0,False
