Label,# Samples,Average,Median,90% Line,95% Line,99% Line,Min,Max,Error %,App specific
jmeter_login_and_view_dashboard,2,1916,1916,1958,1964,1968,1864,1969,0.0,False
jmeter_view_issue,31,1248,1237,1340,1356,1446,1127,1483,0.0,False
jmeter_search_jql,10,2143,2149,2219,2231,2241,1997,2243,0.0,False
jmeter_view_dashboard,9,975,958,1033,1070,1100,915,1107,0.0,False
jmeter_browse_projects,8,509,488,604,626,643,448,647,0.0,False
jmeter_view_scrum_board,7,1261,1271,1290,1294,1298,1220,1299,0.0,False
jmeter_view_backlog,5,1143,1127,1201,1213,1223,1094,1225,0.0,False
jmeter_view_kanban_board,6,1197,1202,1208,1210,1212,1173,1212,0.0,False
jmeter_create_issue:open_quick_create,4,294,292,302,304,306,285,306,0.0,False
jmeter_create_issue:fill_and_submit_issue_form,4,345,346,358,359,359,329,359,0.0,False
jmeter_edit_issue:open_editor,4,645,642,663,665,667,629,668,0.0,False
jmeter_edit_issue:save_edit,4,1269,1276,1313,1321,1327,1197,1328,0.0,False
jmeter_view_project_summary,3,1096,1087,1128,1133,1137,1062,1138,0.0,False
jmeter_add_comment:open_comment,2,624,624,629,629,630,619,630,0.0,False
jmeter_add_comment:save_comment,2,1316,1316,1318,1319,1319,1314,1319,0.0,False
jmeter_browse_boards,1,652,652,652,652,652,652,652,0.0,False
selenium_login:open_login_page,12,335,190,264,968,1652,179,1823,0.0,False
selenium_login:login_and_view_dashboard,12,678,606,797,1079,1340,533,1405,0.0,False
selenium_login,12,1260,1066,1262,2249,3195,955,3432,0.0,False
selenium_ctc_view_projects_action,12,399,304,331,886,1426,237,1561,0.0,True
ctc_view_project_compliance_settings,12,397,368,450,543,633,267,655,0.0,True
ctc_set_project_compliance_settings,12,631,628,671,674,676,554,676,100.0,True
ctc_view_project_audit_history,12,493,474,529,760,985,343,1041,0.0,True
ctc_view_project_audit_history_details,12,754,742,854,919,982,607,998,0.0,True
selenium_log_out,12,552,530,618,634,647,479,650,0.0,False
