Label,# Samples,Average,Median,90% Line,95% Line,99% Line,Min,Max,Error %,App specific
jmeter_login_and_view_dashboard,200,750,709,1121,1233,1494,297,1662,0.0,False
jmeter_view_dashboard,4141,218,203,300,347,474,110,859,0.0,False
jmeter_view_scrum_board,3317,297,272,410,462,687,159,1254,0.0,False
jmeter_view_issue,14101,355,325,480,561,881,198,1580,0.0,False
jmeter_search_jql,4566,777,725,989,1156,1736,463,3270,0.0,False
jmeter_create_issue:open_quick_create,1661,76,69,108,130,168,44,317,0.0,False
jmeter_view_backlog,2479,476,448,639,725,1151,255,1902,0.0,False
jmeter_create_issue:fill_and_submit_issue_form,1660,258,237,384,425,564,126,766,0.0,False
jmeter_view_kanban_board,2892,314,296,432,488,725,144,1330,0.0,False
jmeter_browse_projects,3716,128,115,181,214,307,72,564,0.0,False
jmeter_edit_issue:open_editor,2068,168,153,239,282,429,98,559,0.0,False
jmeter_edit_issue:save_edit,2067,429,397,580,668,970,244,1510,0.0,False
jmeter_view_project_summary,1239,176,156,266,310,407,101,686,0.0,False
jmeter_add_comment:open_comment,822,120,113,159,186,308,73,400,0.0,False
jmeter_add_comment:save_comment,822,404,378,514,584,858,245,1309,0.0,False
jmeter_browse_boards,405,119,114,144,165,219,81,337,0.0,False
selenium_login:open_login_page,120,115,107,133,149,192,95,490,0.0,False
selenium_login:login_and_view_dashboard,120,1096,1260,1410,1549,2106,508,3813,0.0,False
selenium_login,120,1229,1378,1534,1680,2257,636,4638,0.0,False
selenium_browse_projects_list,120,269,261,328,348,391,211,395,0.0,False
selenium_browse_boards_list,120,272,219,269,347,1458,194,2713,0.0,False
selenium_project_summary,120,352,314,386,414,840,281,2867,0.0,False
selenium_create_issue:open_quick_create,120,1376,1380,1985,2051,2138,689,2159,0.0,False
selenium_create_issue:fill_and_submit_issue_form:submit_issue_form,120,1282,1240,1857,1933,1988,621,2012,0.0,False
selenium_create_issue:fill_and_submit_issue_form,120,1907,1908,2489,2560,2649,1089,2687,0.0,False
selenium_create_issue,120,3284,3243,4360,4553,4739,2050,4775,0.0,False
selenium_edit_issue:open_edit_issue_form,120,502,448,667,739,906,377,1456,0.0,False
selenium_edit_issue:save_edit_issue_form,120,725,656,851,1075,1298,519,3896,0.0,False
selenium_edit_issue,120,1880,1797,2074,2321,2729,1585,6182,0.0,False
selenium_save_comment:open_comment_form,120,225,208,291,348,392,178,399,0.0,False
selenium_save_comment:submit_form,120,649,630,751,838,935,497,1385,0.0,False
selenium_save_comment,120,2088,2134,2717,2792,2903,928,2916,0.0,False
selenium_search_jql,120,1753,1720,2172,2234,2520,1004,4207,0.0,False
selenium_view_scrum_board_backlog,120,1655,1704,2124,2192,2282,825,3424,0.0,False
selenium_view_scrum_board,120,1507,1464,2083,2140,2205,815,3861,0.0,False
selenium_view_kanban_board,120,1496,1485,2062,2114,2200,790,2207,0.0,False
selenium_view_dashboard,120,261,252,308,336,440,204,490,0.0,False
selenium_view_issue,120,491,472,573,604,765,375,828,0.0,False
selenium_log_out,120,329,319,380,404,477,281,602,0.0,False
