Label,# Samples,Average,Median,90% Line,95% Line,99% Line,Min,Max,Error %,App specific
jmeter_login_and_view_dashboard,2,1658,1658,1662,1662,1663,1652,1663,0.0,False
jmeter_view_issue,4,1230,1230,1294,1305,1314,1143,1316,0.0,False
jmeter_search_jql,2,2049,2049,2095,2101,2106,1991,2107,0.0,False
jmeter_view_dashboard,2,994,994,1028,1033,1036,950,1037,0.0,False
jmeter_browse_projects,1,445,445,445,445,445,445,445,0.0,False
jmeter_view_scrum_board,1,1333,1333,1333,1333,1333,1333,1333,0.0,False
jmeter_view_backlog,1,1084,1084,1084,1084,1084,1084,1084,0.0,False
jmeter_view_kanban_board,1,1239,1239,1239,1239,1239,1239,1239,0.0,False
jmeter_create_issue:open_quick_create,1,282,282,282,282,282,282,282,0.0,False
jmeter_create_issue:fill_and_submit_issue_form,1,363,363,363,363,363,363,363,0.0,False
jmeter_edit_issue:open_editor,1,615,615,615,615,615,615,615,0.0,False
jmeter_edit_issue:save_edit,1,1184,1184,1184,1184,1184,1184,1184,0.0,False
selenium_login:open_login_page,4,622,232,1377,1611,1799,177,1846,0.0,False
selenium_login:login_and_view_dashboard,4,798,596,1173,1296,1394,584,1419,0.0,False
selenium_login,4,1664,1084,2765,3118,3401,1018,3472,0.0,False
ctc_set_project_compliance_settings,4,1000,664,1659,1869,2037,590,2079,100.0,True
selenium_log_out,4,598,622,664,673,680,463,682,0.0,False
