Label,# Samples,Average,Median,90% Line,95% Line,99% Line,Min,Max,Error %,App specific
jmeter_login_and_view_dashboard,169,1035,947,1804,2026,2197,363,2239,0.0,False
jmeter_view_dashboard,40,504,479,758,789,984,245,1102,0.0,False
jmeter_create_issue:open_quick_create,20,279,196,338,414,1316,122,1542,0.0,False
jmeter_view_issue,153,1019,994,1335,1388,3263,452,3406,0.0,False
jmeter_view_scrum_board,35,866,788,1174,1298,2807,324,3561,0.0,False
jmeter_view_kanban_board,23,919,969,1268,1281,1504,365,1567,0.0,False
jmeter_view_backlog,20,1572,1389,2164,2306,3982,798,4401,0.0,False
jmeter_create_issue:fill_and_submit_issue_form,19,850,744,922,1209,3027,383,3482,0.0,False
jmeter_search_jql,51,2179,2031,3018,3505,5266,871,5868,0.0,False
jmeter_browse_projects,29,369,370,520,539,544,171,545,0.0,False
jmeter_edit_issue:open_editor,18,597,538,916,1065,1357,275,1430,0.0,False
jmeter_view_project_summary,9,588,637,751,816,867,321,880,0.0,False
jmeter_edit_issue:save_edit,15,1420,1503,1937,2077,2283,612,2335,0.0,False
jmeter_add_comment:open_comment,3,428,431,509,518,526,326,528,0.0,False
jmeter_add_comment:save_comment,3,1335,1164,1598,1653,1696,1134,1707,0.0,False
selenium_login,636,0,0,0,0,0,0,0,100.0,False
