Label,# Samples,Average,Median,90% Line,95% Line,99% Line,Min,Max,Error %,App specific
jmeter_login_and_view_dashboard,2,1690,1690,1693,1694,1694,1685,1694,0.0,False
jmeter_view_issue,31,1213,1203,1295,1318,1367,1133,1384,0.0,False
jmeter_search_jql,10,2063,2032,2146,2148,2150,2001,2150,0.0,False
jmeter_view_dashboard,9,949,913,1009,1011,1013,898,1013,0.0,False
jmeter_browse_projects,8,466,464,485,499,510,439,513,0.0,False
jmeter_view_scrum_board,7,1244,1230,1287,1294,1300,1207,1302,0.0,False
jmeter_view_backlog,6,1097,1088,1135,1149,1160,1058,1163,0.0,False
jmeter_view_kanban_board,6,1242,1252,1270,1273,1275,1186,1276,0.0,False
jmeter_create_issue:open_quick_create,4,279,279,287,288,289,270,289,0.0,False
jmeter_create_issue:fill_and_submit_issue_form,4,340,346,365,368,370,298,371,0.0,False
jmeter_edit_issue:open_editor,5,626,631,636,637,637,606,637,0.0,False
jmeter_edit_issue:save_edit,5,1211,1234,1259,1264,1268,1127,1269,0.0,False
jmeter_view_project_summary,3,1085,1065,1125,1132,1138,1050,1140,0.0,False
jmeter_add_comment:open_comment,2,651,651,665,666,668,634,668,0.0,False
jmeter_add_comment:save_comment,2,1274,1274,1302,1306,1308,1240,1309,0.0,False
jmeter_browse_boards,1,717,717,717,717,717,717,717,0.0,False
selenium_login:open_login_page,12,339,190,310,1002,1668,179,1835,0.0,False
selenium_login:login_and_view_dashboard,12,777,615,1422,1619,1732,553,1760,0.0,False
selenium_login,12,1351,1059,2102,2819,3412,978,3560,0.0,False
selenium_ctc_view_projects_action,12,392,297,408,902,1376,233,1494,0.0,True
ctc_view_project_compliance_settings,12,364,322,352,586,814,252,871,0.0,True
ctc_set_project_compliance_settings,12,660,660,696,715,733,602,738,100.0,True
ctc_view_project_audit_history,12,516,480,506,728,944,419,998,0.0,True
ctc_view_project_audit_history_details,12,714,698,784,863,935,562,953,0.0,True
selenium_log_out,12,534,530,618,622,624,418,624,0.0,False
