Label,# Samples,Average,Median,90% Line,95% Line,99% Line,Min,Max,Error %,App specific
jmeter_login_and_view_dashboard,2,1830,1830,1834,1834,1835,1825,1835,0.0,False
jmeter_view_issue,31,1234,1227,1320,1368,1430,1096,1443,0.0,False
jmeter_search_jql,10,2039,2052,2120,2152,2177,1946,2183,0.0,False
jmeter_view_dashboard,9,950,932,1019,1020,1020,892,1020,0.0,False
jmeter_browse_projects,8,472,470,492,496,499,449,500,0.0,False
jmeter_view_scrum_board,7,1238,1206,1316,1335,1349,1169,1353,0.0,False
jmeter_view_backlog,6,1149,1175,1234,1242,1248,1030,1250,0.0,False
jmeter_view_kanban_board,6,1162,1159,1174,1176,1178,1152,1178,0.0,False
jmeter_create_issue:open_quick_create,4,292,290,298,300,301,288,301,0.0,False
jmeter_create_issue:fill_and_submit_issue_form,4,372,374,392,395,398,340,399,0.0,False
jmeter_edit_issue:open_editor,5,655,646,708,716,722,604,724,0.0,False
jmeter_edit_issue:save_edit,5,1236,1192,1315,1325,1333,1177,1335,0.0,False
jmeter_view_project_summary,3,1043,1044,1054,1055,1056,1028,1056,0.0,False
jmeter_add_comment:open_comment,2,675,675,733,740,746,603,747,0.0,False
jmeter_add_comment:save_comment,2,1284,1284,1339,1346,1352,1216,1353,0.0,False
jmeter_browse_boards,1,669,669,669,669,669,669,669,0.0,False
selenium_login:open_login_page,12,332,188,238,967,1677,181,1855,0.0,False
selenium_login:login_and_view_dashboard,12,668,608,687,997,1298,513,1373,0.0,False
selenium_login,12,1247,1068,1125,2172,3192,930,3447,0.0,False
selenium_ctc_view_projects_action,12,395,307,327,867,1394,234,1526,0.0,True
ctc_view_project_compliance_settings,12,381,360,435,546,651,257,677,0.0,True
ctc_set_project_compliance_settings,12,1192,1190,1229,1236,1240,1136,1241,0.0,True
ctc_view_project_audit_history,12,358,343,392,505,611,269,638,0.0,True
ctc_view_project_audit_history_details,12,675,658,758,808,850,603,860,0.0,True
selenium_log_out,12,577,586,617,640,662,496,668,0.0,False
