Label,# Samples,Average,Median,90% Line,95% Line,99% Line,Min,Max,Error %,App specific
jmeter_login_and_view_dashboard,2,1720,1720,1737,1739,1741,1699,1741,0.0,False
jmeter_view_issue,17,1243,1241,1355,1361,1379,1147,1383,0.0,False
jmeter_search_jql,5,2153,2159,2229,2239,2247,2058,2249,0.0,False
jmeter_view_dashboard,5,1000,1000,1055,1071,1083,916,1086,0.0,False
jmeter_browse_projects,4,494,459,559,580,597,456,601,0.0,False
jmeter_view_scrum_board,4,1274,1278,1296,1299,1301,1240,1302,0.0,False
jmeter_view_backlog,3,1129,1137,1178,1183,1187,1062,1188,0.0,False
jmeter_view_kanban_board,3,1208,1208,1226,1228,1230,1187,1230,0.0,False
jmeter_create_issue:open_quick_create,2,302,302,310,311,312,292,312,0.0,False
jmeter_create_issue:fill_and_submit_issue_form,2,382,382,435,441,447,315,448,0.0,False
jmeter_edit_issue:open_editor,2,645,645,649,650,650,640,650,0.0,False
jmeter_edit_issue:save_edit,2,1270,1270,1289,1292,1294,1245,1294,0.0,False
jmeter_view_project_summary,1,1098,1098,1098,1098,1098,1098,1098,0.0,False
jmeter_add_comment:open_comment,1,631,631,631,631,631,631,631,0.0,False
jmeter_add_comment:save_comment,1,1450,1450,1450,1450,1450,1450,1450,0.0,False
selenium_login:open_login_page,7,438,191,915,1370,1734,179,1825,0.0,False
selenium_login:login_and_view_dashboard,7,759,595,1118,1334,1508,562,1551,0.0,False
selenium_login,7,1445,1057,2196,2895,3455,1005,3595,0.0,False
selenium_ctc_view_projects_action,7,474,301,815,1174,1462,237,1534,0.0,True
ctc_view_project_compliance_settings,7,356,323,482,589,675,253,697,0.0,True
ctc_set_project_compliance_settings,7,563,557,620,622,624,508,624,100.0,True
ctc_view_project_audit_history,7,487,477,589,652,703,300,716,0.0,True
ctc_view_project_audit_history_details,7,719,687,843,908,960,584,973,0.0,True
selenium_log_out,7,530,524,604,605,605,430,605,0.0,False
