Label,# Samples,Average,Median,90% Line,95% Line,99% Line,Min,Max,Error %,App specific
jmeter_login_and_view_dashboard,2,2134,2134,2146,2147,2149,2118,2149,0.0,False
jmeter_view_issue,162,1222,1205,1324,1382,1548,1099,1672,0.0,False
jmeter_search_jql,53,2063,2051,2147,2244,2309,1876,2313,0.0,False
jmeter_view_dashboard,48,1014,1000,1071,1107,1221,906,1284,0.0,False
jmeter_browse_projects,43,489,483,528,559,628,434,649,0.0,False
jmeter_view_scrum_board,38,1235,1231,1290,1313,1402,1158,1443,0.0,False
jmeter_view_backlog,28,1129,1108,1241,1304,1344,1020,1348,0.0,False
jmeter_view_kanban_board,33,1204,1182,1263,1356,1385,1129,1398,0.0,False
jmeter_create_issue:open_quick_create,19,286,286,300,302,302,270,302,0.0,False
jmeter_create_issue:fill_and_submit_issue_form,19,370,378,418,431,439,291,441,0.0,False
jmeter_edit_issue:open_editor,24,653,640,705,733,787,592,802,0.0,False
jmeter_edit_issue:save_edit,24,1250,1226,1328,1421,1441,1132,1442,0.0,False
jmeter_view_project_summary,14,1059,1037,1158,1190,1213,981,1219,0.0,False
jmeter_add_comment:open_comment,10,626,627,647,668,686,587,690,0.0,False
jmeter_add_comment:save_comment,10,1298,1277,1392,1403,1412,1191,1414,0.0,False
jmeter_browse_boards,5,639,641,659,662,664,605,665,0.0,False
selenium_login:open_login_page,6,539,203,1233,1716,2102,177,2198,0.0,False
selenium_login:login_and_view_dashboard,6,870,628,1358,1712,1994,623,2065,0.0,False
selenium_login,6,1632,1058,2814,3654,4325,1023,4493,0.0,False
selenium_browse_projects_list,6,454,318,778,949,1086,240,1120,0.0,False
selenium_browse_boards_list,6,981,900,1222,1368,1485,809,1514,0.0,False
selenium_project_summary,6,874,498,1679,2032,2314,437,2384,0.0,False
selenium_create_issue:open_quick_create,6,1151,1138,1401,1508,1594,719,1616,0.0,False
selenium_create_issue:fill_and_submit_issue_form:submit_issue_form,6,629,628,662,665,667,590,668,0.0,False
selenium_create_issue:fill_and_submit_issue_form,6,1167,910,1728,1814,1883,850,1900,0.0,False
selenium_create_issue,6,2319,2058,2896,3207,3456,1976,3518,0.0,False
selenium_edit_issue:open_edit_issue_form,6,629,349,1226,1232,1237,292,1238,0.0,False
selenium_edit_issue:save_edit_issue_form,6,894,681,1344,1580,1769,646,1816,0.0,False
selenium_edit_issue,6,2271,1888,3178,3452,3672,1742,3727,0.0,False
selenium_save_comment:open_comment_form,6,350,348,388,391,393,302,394,0.0,False
selenium_save_comment:submit_form,6,738,740,824,829,833,641,834,0.0,False
selenium_save_comment,6,1719,1695,1864,1885,1902,1573,1906,0.0,False
selenium_search_jql,6,1601,1438,2004,2236,2422,1333,2469,0.0,False
selenium_view_scrum_board_backlog,6,1141,910,1648,2002,2284,858,2355,0.0,False
selenium_view_scrum_board,6,1073,896,1520,1806,2035,797,2092,0.0,False
selenium_view_kanban_board,6,844,834,886,904,918,806,922,0.0,False
selenium_view_dashboard,6,301,302,330,330,331,262,331,0.0,False
selenium_view_issue,6,493,496,569,570,571,393,571,0.0,False
selenium_ctc_view_projects_action,6,586,430,955,1202,1401,362,1450,0.0,True
ctc_view_project_compliance_settings,6,565,476,818,982,1112,402,1145,0.0,True
ctc_set_project_compliance_settings,6,2170,2146,2282,2296,2308,2076,2311,0.0,True
ctc_view_project_audit_history,6,488,414,666,774,861,383,883,0.0,True
ctc_view_project_audit_history_details,6,862,830,988,1043,1087,753,1098,0.0,True
ctc_complete_new_audit,6,28014,27724,28781,29036,29239,27430,29290,0.0,True
selenium_log_out,6,604,566,718,729,737,514,739,0.0,False
