Label,# Samples,Average,Median,90% Line,95% Line,99% Line,Min,Max,Error %,App specific
jmeter_login_and_view_dashboard,2,1708,1708,1709,1709,1709,1706,1709,0.0,False
jmeter_view_issue,31,1251,1250,1317,1342,1386,1153,1399,0.0,False
jmeter_search_jql,10,2115,2100,2245,2251,2255,1994,2256,0.0,False
jmeter_view_dashboard,9,998,1001,1063,1064,1066,935,1066,0.0,False
jmeter_browse_projects,8,470,468,490,495,499,446,500,0.0,False
jmeter_view_scrum_board,7,1277,1234,1355,1380,1400,1211,1405,0.0,False
jmeter_view_backlog,5,1155,1130,1233,1256,1274,1077,1279,0.0,False
jmeter_view_kanban_board,6,1209,1216,1228,1234,1239,1165,1240,0.0,False
jmeter_create_issue:open_quick_create,4,288,288,298,298,298,279,298,0.0,False
jmeter_create_issue:fill_and_submit_issue_form,4,398,390,426,430,434,375,435,0.0,False
jmeter_edit_issue:open_editor,4,672,641,748,770,788,614,792,0.0,False
jmeter_edit_issue:save_edit,4,1353,1352,1374,1376,1377,1332,1377,0.0,False
jmeter_view_project_summary,3,1132,1113,1229,1244,1255,1025,1258,0.0,False
jmeter_add_comment:open_comment,2,662,662,697,702,705,617,706,0.0,False
jmeter_add_comment:save_comment,2,1348,1348,1365,1367,1369,1326,1369,0.0,False
jmeter_browse_boards,1,784,784,784,784,784,784,784,0.0,False
selenium_login:open_login_page,12,331,194,216,955,1677,176,1858,0.0,False
selenium_login:login_and_view_dashboard,12,670,604,672,997,1315,538,1394,0.0,False
selenium_login,12,1257,1076,1134,2181,3203,957,3458,0.0,False
selenium_ctc_view_projects_action,12,412,300,337,916,1482,236,1623,0.0,True
ctc_view_project_compliance_settings,12,400,370,454,553,648,320,672,0.0,True
ctc_set_project_compliance_settings,12,1326,1296,1335,1552,1762,1215,1814,0.0,True
ctc_view_project_audit_history,12,341,304,375,501,622,270,652,0.0,True
ctc_view_project_audit_history_details,12,697,674,728,801,871,630,888,0.0,True
selenium_log_out,12,542,530,607,612,615,433,616,0.0,False
