Action,without app,with app,App-specific
jmeter_login_and_view_dashboard,1121,654,False
jmeter_view_dashboard,300,262,False
jmeter_view_scrum_board,410,352,False
jmeter_view_issue,480,396,False
jmeter_search_jql,989,836,False
jmeter_create_issue:open_quick_create,108,97,False
jmeter_view_backlog,639,529,False
jmeter_create_issue:fill_and_submit_issue_form,384,275,False
jmeter_view_kanban_board,432,415,False
jmeter_browse_projects,181,154,False
jmeter_edit_issue:open_editor,239,179,False
jmeter_edit_issue:save_edit,580,468,False
jmeter_view_project_summary,266,230,False
jmeter_add_comment:open_comment,159,138,False
jmeter_add_comment:save_comment,514,516,False
jmeter_browse_boards,144,159,False
selenium_login:open_login_page,133,138,False
selenium_login:login_and_view_dashboard,1410,1333,False
selenium_login,1534,1468,False
selenium_browse_projects_list,328,334,False
selenium_browse_boards_list,269,250,False
selenium_project_summary,386,468,False
selenium_create_issue:open_quick_create,1985,1990,False
selenium_create_issue:fill_and_submit_issue_form:submit_issue_form,1857,1866,False
selenium_create_issue:fill_and_submit_issue_form,2489,2499,False
selenium_create_issue,4360,4517,False
selenium_edit_issue:open_edit_issue_form,667,675,False
selenium_edit_issue:save_edit_issue_form,851,713,False
selenium_edit_issue,2074,1899,False
selenium_save_comment:open_comment_form,291,230,False
selenium_save_comment:submit_form,751,700,False
selenium_save_comment,2717,2720,False
selenium_search_jql,2172,2016,False
selenium_view_scrum_board_backlog,2124,2097,False
selenium_view_scrum_board,2083,2043,False
selenium_view_kanban_board,2062,2044,False
selenium_view_dashboard,308,291,False
selenium_view_issue,573,548,False
selenium_log_out,380,350,False
