Label,# Samples,Average,Median,90% Line,95% Line,99% Line,Min,Max,Error %,App specific
jmeter_login_and_view_dashboard,2,1698,1698,1699,1699,1699,1698,1699,0.0,False
jmeter_view_issue,31,1219,1219,1308,1314,1333,1111,1339,0.0,False
jmeter_search_jql,10,2050,2058,2079,2100,2117,1985,2121,0.0,False
jmeter_view_dashboard,9,978,982,1031,1038,1044,887,1045,0.0,False
jmeter_browse_projects,8,457,456,473,473,474,432,474,0.0,False
jmeter_view_scrum_board,7,1283,1296,1318,1323,1328,1193,1329,0.0,False
jmeter_view_backlog,6,1155,1134,1240,1259,1274,1081,1278,0.0,False
jmeter_view_kanban_board,6,1187,1172,1254,1281,1303,1130,1308,0.0,False
jmeter_create_issue:open_quick_create,4,274,272,278,279,280,270,280,0.0,False
jmeter_create_issue:fill_and_submit_issue_form,4,328,326,354,357,360,298,361,0.0,False
jmeter_edit_issue:open_editor,5,641,653,668,672,674,603,675,0.0,False
jmeter_edit_issue:save_edit,5,1249,1233,1287,1299,1309,1217,1311,0.0,False
jmeter_view_project_summary,3,1021,1026,1056,1059,1062,975,1063,0.0,False
jmeter_add_comment:open_comment,2,624,624,626,626,626,623,626,0.0,False
jmeter_add_comment:save_comment,2,1328,1328,1366,1371,1375,1281,1376,0.0,False
jmeter_browse_boards,1,647,647,647,647,647,647,647,0.0,False
selenium_login:open_login_page,12,344,192,274,997,1700,181,1876,0.0,False
selenium_login:login_and_view_dashboard,12,692,614,732,1065,1381,557,1460,0.0,False
selenium_login,12,1274,1084,1165,2246,3298,986,3561,0.0,False
selenium_ctc_view_projects_action,12,393,303,311,899,1474,232,1618,0.0,True
ctc_view_project_compliance_settings,12,388,337,455,672,883,245,936,0.0,True
ctc_set_project_compliance_settings,12,706,724,762,765,767,583,768,100.0,True
ctc_view_project_audit_history,12,523,504,601,713,817,273,843,0.0,True
ctc_view_project_audit_history_details,12,694,676,802,828,852,529,858,0.0,True
selenium_log_out,12,568,588,610,621,631,476,633,0.0,False
