Label,# Samples,Average,Median,90% Line,95% Line,99% Line,Min,Max,Error %,App specific
jmeter_login_and_view_dashboard,2,1760,1760,1770,1771,1772,1748,1772,0.0,False
jmeter_view_issue,177,1246,1234,1337,1364,1452,1119,1466,0.0,False
jmeter_search_jql,57,2106,2094,2214,2242,2371,1912,2402,0.0,False
jmeter_view_dashboard,52,999,980,1098,1150,1230,889,1231,0.0,False
jmeter_browse_projects,47,482,472,511,560,612,441,648,0.0,False
jmeter_view_scrum_board,42,1260,1262,1322,1360,1381,1159,1391,0.0,False
jmeter_view_kanban_board,36,1208,1200,1250,1297,1382,1124,1425,0.0,False
jmeter_view_backlog,31,1132,1129,1197,1206,1243,1064,1257,0.0,False
jmeter_edit_issue:open_editor,26,678,672,756,783,800,601,805,0.0,False
jmeter_edit_issue:save_edit,26,1278,1277,1349,1387,1413,1161,1418,0.0,False
jmeter_create_issue:open_quick_create,21,292,284,303,304,360,276,374,0.0,False
jmeter_create_issue:fill_and_submit_issue_form,21,387,353,491,544,703,290,743,0.0,False
jmeter_view_project_summary,16,1071,1073,1102,1122,1154,1009,1162,0.0,False
jmeter_add_comment:open_comment,10,669,663,712,752,785,620,793,0.0,False
jmeter_add_comment:save_comment,10,1354,1310,1421,1519,1598,1272,1618,0.0,False
jmeter_browse_boards,5,644,646,661,663,665,620,666,0.0,False
selenium_login:open_login_page,16,316,202,270,672,1623,181,1861,0.0,False
selenium_login:login_and_view_dashboard,16,665,626,694,824,1137,588,1215,0.0,False
selenium_login,16,1213,1086,1120,1667,2969,1010,3295,0.0,False
selenium_browse_projects_list,16,321,250,337,538,1012,217,1131,0.0,False
selenium_browse_boards_list,16,937,930,1020,1128,1322,795,1371,0.0,False
selenium_project_summary,16,629,480,945,1200,1479,393,1549,0.0,False
selenium_create_issue:open_quick_create,16,984,964,1232,1335,1552,668,1606,0.0,False
selenium_create_issue:fill_and_submit_issue_form:submit_issue_form,16,688,683,776,785,794,581,796,0.0,False
selenium_create_issue:fill_and_submit_issue_form,16,1304,1410,1769,1799,1805,831,1807,0.0,False
selenium_create_issue,16,2289,2230,2608,2722,2944,1939,3000,0.0,False
selenium_edit_issue:open_edit_issue_form,16,346,316,392,500,685,260,732,0.0,False
selenium_edit_issue:save_edit_issue_form,16,771,730,921,1000,1170,628,1212,0.0,False
selenium_edit_issue,16,1949,1873,2082,2249,2626,1719,2720,0.0,False
selenium_save_comment:open_comment_form,16,365,363,402,413,438,311,444,0.0,False
selenium_save_comment:submit_form,16,722,714,781,797,808,671,811,0.0,False
selenium_save_comment,16,1777,1767,1874,1915,1981,1617,1997,0.0,False
selenium_search_jql,16,860,848,1042,1145,1277,609,1310,0.0,False
selenium_view_scrum_board_backlog,16,1021,939,1080,1381,2080,801,2255,0.0,False
selenium_view_scrum_board,16,987,937,1025,1196,1602,846,1704,0.0,False
selenium_view_kanban_board,16,951,966,1052,1079,1125,785,1137,0.0,False
selenium_view_dashboard,16,315,309,358,388,406,265,411,0.0,False
selenium_view_issue,16,529,529,605,629,647,380,652,0.0,False
selenium_ctc_view_projects_action,16,475,415,514,728,1194,346,1311,0.0,True
ctc_view_project_audit_history,16,550,531,557,708,1064,353,1153,0.0,True
ctc_view_project_audit_history_details,16,749,720,892,972,1002,612,1010,0.0,True
selenium_log_out,16,582,562,660,683,706,496,712,0.0,False
