Label,# Samples,Average,Median,90% Line,95% Line,99% Line,Min,Max,Error %,App specific
jmeter_login_and_view_dashboard,2,2118,2118,2408,2445,2474,1754,2481,0.0,False
jmeter_view_issue,12,1451,1295,1386,2272,3133,1176,3348,0.0,False
jmeter_search_jql,4,2812,2317,4002,4316,4567,1982,4630,0.0,False
jmeter_view_dashboard,3,1145,1084,1290,1315,1336,1009,1341,0.0,False
jmeter_browse_projects,3,642,491,855,900,937,490,946,0.0,False
jmeter_view_scrum_board,3,1635,1324,2135,2237,2318,1242,2338,0.0,False
jmeter_view_kanban_board,2,1452,1452,1626,1648,1666,1235,1670,0.0,False
jmeter_view_backlog,2,1559,1559,1855,1892,1922,1189,1929,0.0,False
jmeter_edit_issue:open_editor,2,910,910,1080,1101,1118,699,1122,0.0,False
jmeter_edit_issue:save_edit,2,1684,1684,2025,2067,2101,1257,2110,0.0,False
jmeter_create_issue:open_quick_create,1,298,298,298,298,298,298,298,0.0,False
jmeter_create_issue:fill_and_submit_issue_form,1,413,413,413,413,413,413,413,0.0,False
jmeter_view_project_summary,1,1122,1122,1122,1122,1122,1122,1122,0.0,False
jmeter_add_comment:open_comment,1,721,721,721,721,721,721,721,0.0,False
jmeter_add_comment:save_comment,1,1465,1465,1465,1465,1465,1465,1465,0.0,False
selenium_login:open_login_page,1,1974,1974,1974,1974,1974,1974,1974,0.0,False
selenium_login:login_and_view_dashboard,1,3610,3610,3610,3610,3610,3610,3610,0.0,False
selenium_login,1,6241,6241,6241,6241,6241,6241,6241,0.0,False
selenium_browse_projects_list,1,1773,1773,1773,1773,1773,1773,1773,0.0,False
selenium_browse_boards_list,1,6261,6261,6261,6261,6261,6261,6261,0.0,False
selenium_project_summary,1,5700,5700,5700,5700,5700,5700,5700,0.0,False
selenium_create_issue:open_quick_create,1,2657,2657,2657,2657,2657,2657,2657,0.0,False
selenium_create_issue:fill_and_submit_issue_form:submit_issue_form,1,2113,2113,2113,2113,2113,2113,2113,0.0,False
selenium_create_issue:fill_and_submit_issue_form,1,3324,3324,3324,3324,3324,3324,3324,0.0,False
selenium_create_issue,1,5982,5982,5982,5982,5982,5982,5982,0.0,False
selenium_edit_issue:open_edit_issue_form,1,2153,2153,2153,2153,2153,2153,2153,0.0,False
selenium_edit_issue:save_edit_issue_form,1,4598,4598,4598,4598,4598,4598,4598,0.0,False
selenium_edit_issue,1,7454,7454,7454,7454,7454,7454,7454,0.0,False
selenium_save_comment:open_comment_form,1,584,584,584,584,584,584,584,0.0,False
selenium_save_comment:submit_form,1,982,982,982,982,982,982,982,0.0,False
selenium_save_comment,1,2148,2148,2148,2148,2148,2148,2148,0.0,False
selenium_search_jql,1,4115,4115,4115,4115,4115,4115,4115,0.0,False
selenium_view_scrum_board_backlog,1,4587,4587,4587,4587,4587,4587,4587,0.0,False
selenium_view_scrum_board,1,4127,4127,4127,4127,4127,4127,4127,0.0,False
selenium_view_kanban_board,1,818,818,818,818,818,818,818,0.0,False
selenium_view_dashboard,1,384,384,384,384,384,384,384,0.0,False
selenium_view_issue,1,468,468,468,468,468,468,468,0.0,False
