Label,# Samples,Average,Median,90% Line,95% Line,99% Line,Min,Max,Error %,App specific
jmeter_login_and_view_dashboard,2,1735,1735,1741,1742,1743,1727,1743,0.0,False
jmeter_view_issue,14,1242,1230,1300,1367,1455,1139,1477,0.0,False
jmeter_search_jql,4,2080,2072,2178,2188,2197,1978,2199,0.0,False
jmeter_view_dashboard,4,1004,976,1058,1075,1089,970,1093,0.0,False
jmeter_browse_projects,4,458,451,472,476,479,450,480,0.0,False
jmeter_view_scrum_board,3,1232,1227,1255,1258,1261,1206,1262,0.0,False
jmeter_view_backlog,2,1176,1176,1215,1220,1224,1126,1225,0.0,False
jmeter_view_kanban_board,3,1200,1181,1236,1243,1249,1168,1250,0.0,False
jmeter_create_issue:open_quick_create,2,279,279,282,283,283,275,283,0.0,False
jmeter_create_issue:fill_and_submit_issue_form,2,412,412,414,415,415,410,415,0.0,False
jmeter_edit_issue:open_editor,2,650,650,660,662,663,638,663,0.0,False
jmeter_edit_issue:save_edit,2,1250,1250,1252,1252,1252,1247,1252,0.0,False
jmeter_view_project_summary,1,1040,1040,1040,1040,1040,1040,1040,0.0,False
jmeter_add_comment:open_comment,1,655,655,655,655,655,655,655,0.0,False
jmeter_add_comment:save_comment,1,1205,1205,1205,1205,1205,1205,1205,0.0,False
selenium_login:open_login_page,2,1034,1034,1695,1777,1843,208,1860,0.0,False
selenium_login:login_and_view_dashboard,2,1428,1428,1598,1620,1637,1215,1641,0.0,False
selenium_login,2,2625,2625,3139,3204,3255,1982,3268,0.0,False
selenium_ctc_view_projects_action,2,854,854,1308,1364,1410,287,1421,0.0,True
ctc_view_project_compliance_settings,2,505,505,616,630,641,366,644,0.0,True
ctc_set_project_compliance_settings,1,20677,20677,20677,20677,20677,20677,20677,100.0,True
ctc_view_project_audit_history,1,1011,1011,1011,1011,1011,1011,1011,0.0,True
ctc_view_project_audit_history_details,1,935,935,935,935,935,935,935,0.0,True
selenium_log_out,1,453,453,453,453,453,453,453,0.0,False
