Action,1 Node,2 Nodes,4 Nodes,App-specific
jmeter_login_and_view_dashboard,653,837,915,False
jmeter_view_dashboard,308,209,221,False
jmeter_view_scrum_board,431,307,376,False
jmeter_view_issue,538,373,361,False
jmeter_create_issue:open_quick_create,129,95,107,False
jmeter_search_jql,941,810,771,False
jmeter_view_backlog,669,523,432,False
jmeter_create_issue:fill_and_submit_issue_form,474,437,335,False
jmeter_view_kanban_board,461,337,335,False
jmeter_browse_projects,199,132,145,False
jmeter_edit_issue:open_editor,242,223,174,False
jmeter_edit_issue:save_edit,665,528,521,False
jmeter_view_project_summary,292,191,190,False
jmeter_add_comment:open_comment,213,139,131,False
jmeter_add_comment:save_comment,637,471,465,False
jmeter_browse_boards,198,148,138,False
selenium_login:open_login_page,155,112,110,False
selenium_login:login_and_view_dashboard,1469,1364,1302,False
selenium_login,1604,1541,1424,False
selenium_browse_projects_list,300,302,288,False
selenium_browse_boards_list,297,239,228,False
selenium_project_summary,406,328,355,False
selenium_create_issue:open_quick_create,1268,1264,1275,False
selenium_create_issue:fill_and_submit_issue_form:submit_issue_form,1162,1128,1128,False
selenium_create_issue:fill_and_submit_issue_form,1789,1741,1764,False
selenium_create_issue,3062,3032,3029,False
selenium_edit_issue:open_edit_issue_form,550,642,585,False
selenium_edit_issue:save_edit_issue_form,1024,853,988,False
selenium_edit_issue,2286,2121,2164,False
selenium_save_comment:open_comment_form,289,242,207,False
selenium_save_comment:submit_form,836,745,738,False
selenium_save_comment,2129,2016,2050,False
selenium_search_jql,1900,1514,1783,False
selenium_view_scrum_board_backlog,1762,1759,1722,False
selenium_view_scrum_board,1325,1275,1323,False
selenium_view_kanban_board,1361,1331,1414,False
selenium_view_dashboard,283,269,292,False
selenium_view_issue,622,538,484,False
selenium_ctc_view_projects_action,353,336,341,True
ctc_view_project_compliance_settings,383,336,360,True
ctc_view_project_audit_history,428,377,358,True
ctc_view_project_audit_history_details,699,678,731,True
ctc_configure_compliance_settings_and_complete_audit,67868,66581,67433,True
selenium_log_out,410,351,374,False
