Label,# Samples,Average,Median,90% Line,95% Line,99% Line,Min,Max,Error %,App specific
jmeter_login_and_view_dashboard,2,1821,1821,1870,1876,1881,1760,1882,0.0,False
jmeter_view_issue,30,1255,1254,1368,1379,1389,1131,1392,0.0,False
jmeter_search_jql,10,2152,2149,2256,2277,2293,1997,2297,0.0,False
jmeter_view_dashboard,9,1006,984,1096,1131,1158,898,1165,0.0,False
jmeter_browse_projects,8,489,476,553,570,583,446,586,0.0,False
jmeter_view_scrum_board,7,1292,1270,1375,1427,1470,1215,1480,0.0,False
jmeter_view_backlog,5,1174,1168,1214,1226,1236,1138,1239,0.0,False
jmeter_view_kanban_board,6,1204,1200,1232,1247,1259,1172,1262,0.0,False
jmeter_create_issue:open_quick_create,4,294,294,302,302,302,284,302,0.0,False
jmeter_create_issue:fill_and_submit_issue_form,4,448,437,506,515,523,395,525,0.0,False
jmeter_edit_issue:open_editor,4,644,636,666,671,676,628,677,0.0,False
jmeter_edit_issue:save_edit,4,1288,1287,1335,1337,1339,1240,1339,0.0,False
jmeter_view_project_summary,3,1121,1104,1150,1156,1161,1097,1162,0.0,False
jmeter_add_comment:open_comment,2,666,666,668,669,669,662,669,0.0,False
jmeter_add_comment:save_comment,2,1348,1348,1425,1434,1442,1253,1444,0.0,False
jmeter_browse_boards,1,719,719,719,719,719,719,719,0.0,False
selenium_login:open_login_page,12,336,192,237,968,1681,187,1859,0.0,False
selenium_login:login_and_view_dashboard,12,672,612,710,1015,1306,552,1379,0.0,False
selenium_login,12,1262,1069,1142,2193,3216,1002,3472,0.0,False
selenium_ctc_view_projects_action,12,416,308,422,926,1416,236,1538,0.0,True
ctc_view_project_compliance_settings,12,379,338,363,603,837,269,895,0.0,True
ctc_set_project_compliance_settings,12,373,374,422,427,429,319,430,100.0,True
ctc_view_project_audit_history,12,548,496,608,892,1162,381,1229,0.0,True
ctc_view_project_audit_history_details,12,731,714,808,844,878,635,887,0.0,True
selenium_log_out,12,546,554,605,616,626,445,629,0.0,False
