Label,# Samples,Average,Median,90% Line,95% Line,99% Line,Min,Max,Error %,App specific
jmeter_login_and_view_dashboard,2,1832,1832,1873,1878,1882,1780,1883,0.0,False
jmeter_view_issue,7,1255,1254,1358,1366,1372,1154,1374,0.0,False
jmeter_search_jql,2,2132,2132,2160,2163,2166,2096,2167,0.0,False
jmeter_view_dashboard,2,962,962,1004,1009,1013,910,1014,0.0,False
jmeter_browse_projects,2,470,470,476,477,478,463,478,0.0,False
jmeter_view_scrum_board,2,1258,1258,1264,1265,1266,1250,1266,0.0,False
jmeter_view_backlog,1,1180,1180,1180,1180,1180,1180,1180,0.0,False
jmeter_view_kanban_board,1,1262,1262,1262,1262,1262,1262,1262,0.0,False
jmeter_create_issue:open_quick_create,1,276,276,276,276,276,276,276,0.0,False
jmeter_create_issue:fill_and_submit_issue_form,1,357,357,357,357,357,357,357,0.0,False
jmeter_edit_issue:open_editor,1,695,695,695,695,695,695,695,0.0,False
jmeter_edit_issue:save_edit,1,1241,1241,1241,1241,1241,1241,1241,0.0,False
jmeter_view_project_summary,1,1013,1013,1013,1013,1013,1013,1013,0.0,False
selenium_login:open_login_page,5,574,225,1292,1632,1904,190,1972,0.0,False
selenium_login:login_and_view_dashboard,4,790,648,1142,1246,1329,516,1350,0.0,False
selenium_login,4,1694,1136,2810,3164,3448,983,3519,0.0,False
ctc_set_project_compliance_settings,4,1739,1380,2412,2628,2800,1352,2843,100.0,True
selenium_log_out,4,638,628,712,725,735,559,738,0.0,False
