Label,# Samples,Average,Median,90% Line,95% Line,99% Line,Min,Max,Error %,App specific
jmeter_login_and_view_dashboard,2,1723,1723,1733,1734,1735,1711,1735,0.0,False
jmeter_view_issue,122,1268,1254,1384,1431,1509,1124,1531,0.0,False
jmeter_search_jql,39,2108,2082,2196,2276,2412,2000,2481,0.0,False
jmeter_view_dashboard,36,995,986,1074,1115,1128,903,1134,0.0,False
jmeter_browse_projects,32,504,496,542,555,619,457,646,0.0,False
jmeter_view_scrum_board,29,1305,1287,1394,1469,1524,1189,1545,0.0,False
jmeter_view_kanban_board,25,1262,1231,1375,1453,1495,1152,1503,0.0,False
jmeter_view_backlog,22,1177,1168,1240,1293,1418,1085,1450,0.0,False
jmeter_edit_issue:open_editor,18,689,676,732,758,851,616,874,0.0,False
jmeter_edit_issue:save_edit,18,1315,1304,1399,1447,1600,1163,1638,0.0,False
jmeter_create_issue:open_quick_create,14,294,294,311,312,313,279,313,0.0,False
jmeter_create_issue:fill_and_submit_issue_form,14,404,394,462,513,585,319,603,0.0,False
jmeter_view_project_summary,11,1076,1062,1127,1141,1152,1010,1155,0.0,False
jmeter_add_comment:open_comment,7,644,644,681,691,699,609,701,0.0,False
jmeter_add_comment:save_comment,7,1363,1354,1400,1400,1401,1322,1401,0.0,False
jmeter_browse_boards,4,675,671,701,705,707,651,708,0.0,False
selenium_login:open_login_page,3,768,219,1555,1722,1856,197,1889,0.0,False
selenium_login:login_and_view_dashboard,3,884,655,1233,1306,1364,620,1378,0.0,False
selenium_login,3,1850,1104,2945,3175,3359,1042,3405,0.0,False
selenium_browse_projects_list,3,620,347,1035,1121,1190,305,1207,0.0,False
selenium_browse_boards_list,3,1932,1488,2974,3160,3309,963,3346,0.0,False
selenium_project_summary,3,1612,1431,2686,2843,2969,405,3000,0.0,False
selenium_create_issue:open_quick_create,3,1472,1613,1633,1636,1638,1166,1638,0.0,False
selenium_create_issue:fill_and_submit_issue_form:submit_issue_form,3,606,611,616,616,617,590,617,0.0,False
selenium_create_issue:fill_and_submit_issue_form,3,1051,917,1271,1316,1351,875,1360,0.0,False
selenium_create_issue,3,2524,2515,2881,2927,2964,2083,2973,0.0,False
selenium_edit_issue:open_edit_issue_form,3,799,694,1206,1270,1321,369,1334,0.0,False
selenium_edit_issue:save_edit_issue_form,3,1920,1059,3274,3551,3773,873,3828,0.0,False
selenium_edit_issue,3,3460,2458,5224,5570,5847,2007,5916,0.0,False
selenium_save_comment:open_comment_form,3,333,334,344,345,346,318,346,0.0,False
selenium_save_comment:submit_form,3,741,715,781,789,795,710,797,0.0,False
selenium_save_comment,3,1672,1662,1714,1720,1726,1626,1727,0.0,False
selenium_search_jql,3,1657,1283,2667,2840,2978,676,3013,0.0,False
selenium_view_scrum_board_backlog,3,2273,1888,3610,3825,3997,890,4040,0.0,False
selenium_view_scrum_board,3,2150,1743,3391,3597,3762,905,3803,0.0,False
selenium_view_kanban_board,3,866,852,914,921,927,817,929,0.0,False
selenium_view_dashboard,3,306,305,333,336,339,274,340,0.0,False
selenium_view_issue,3,539,588,593,593,594,436,594,0.0,False
selenium_ctc_view_projects_action,3,27976,41306,41674,41720,41757,856,41766,67.0,True
ctc_view_project_audit_history,2,21958,21958,22628,22712,22779,21119,22796,50.0,True
ctc_view_project_audit_history_details,2,10936,10936,18867,19859,20652,1022,20850,50.0,True
ctc_complete_new_audit,2,10611,10611,18320,19283,20054,975,20247,100.0,True
selenium_log_out,2,770,770,776,776,777,763,777,0.0,False
