Label,# Samples,Average,Median,90% Line,95% Line,99% Line,Min,Max,Error %,App specific
jmeter_login_and_view_dashboard,2,1714,1714,1724,1726,1727,1700,1727,0.0,False
jmeter_view_issue,30,1274,1262,1362,1374,1478,1181,1519,0.0,False
jmeter_search_jql,10,2136,2102,2302,2316,2326,2019,2329,0.0,False
jmeter_view_dashboard,9,1042,1009,1146,1153,1159,981,1161,0.0,False
jmeter_browse_projects,8,487,485,525,527,528,450,528,0.0,False
jmeter_view_scrum_board,7,1294,1290,1344,1350,1356,1254,1357,0.0,False
jmeter_view_backlog,5,1144,1092,1236,1238,1239,1073,1239,0.0,False
jmeter_view_kanban_board,6,1237,1242,1294,1294,1294,1171,1294,0.0,False
jmeter_create_issue:open_quick_create,4,289,286,296,299,301,283,301,0.0,False
jmeter_create_issue:fill_and_submit_issue_form,4,372,360,411,419,425,341,427,0.0,False
jmeter_edit_issue:open_editor,4,679,681,732,738,743,609,744,0.0,False
jmeter_edit_issue:save_edit,4,1268,1258,1314,1323,1329,1226,1331,0.0,False
jmeter_view_project_summary,3,1045,1046,1046,1046,1046,1044,1046,0.0,False
jmeter_add_comment:open_comment,2,690,690,736,742,747,631,748,0.0,False
jmeter_add_comment:save_comment,2,1371,1371,1423,1430,1435,1306,1436,0.0,False
jmeter_browse_boards,1,649,649,649,649,649,649,649,0.0,False
selenium_login:open_login_page,23,291,211,301,313,1529,179,1872,0.0,False
selenium_login:login_and_view_dashboard,23,662,625,713,811,1331,544,1475,0.0,False
selenium_login,23,1195,1068,1195,1277,3059,997,3559,0.0,False
ctc_view_project_audit_history_details,23,732,669,721,731,1960,553,2306,0.0,True
selenium_log_out,23,542,549,622,641,670,437,677,0.0,False
