Label,# Samples,Average,Median,90% Line,95% Line,99% Line,Min,Max,Error %,App specific
jmeter_login_and_view_dashboard,2,1779,1779,1824,1829,1834,1723,1835,0.0,False
jmeter_view_issue,14,1217,1234,1292,1300,1302,1079,1303,0.0,False
jmeter_search_jql,5,2085,2082,2141,2157,2170,2036,2173,0.0,False
jmeter_view_dashboard,4,992,1007,1030,1032,1034,921,1035,0.0,False
jmeter_browse_projects,4,474,476,498,499,500,446,500,0.0,False
jmeter_view_scrum_board,3,1294,1286,1348,1356,1362,1231,1364,0.0,False
jmeter_view_backlog,3,1143,1142,1197,1204,1210,1077,1211,0.0,False
jmeter_view_kanban_board,3,1186,1174,1236,1243,1249,1133,1251,0.0,False
jmeter_create_issue:open_quick_create,2,284,284,287,288,288,281,288,0.0,False
jmeter_create_issue:fill_and_submit_issue_form,2,345,345,359,361,363,327,363,0.0,False
jmeter_edit_issue:open_editor,2,678,678,699,701,703,651,704,0.0,False
jmeter_edit_issue:save_edit,2,1218,1218,1247,1250,1253,1183,1254,0.0,False
jmeter_view_project_summary,1,1010,1010,1010,1010,1010,1010,1010,0.0,False
jmeter_add_comment:open_comment,1,612,612,612,612,612,612,612,0.0,False
jmeter_add_comment:save_comment,1,1341,1341,1341,1341,1341,1341,1341,0.0,False
selenium_login:open_login_page,2,1012,1012,1667,1749,1815,192,1831,0.0,False
selenium_login:login_and_view_dashboard,2,986,986,1303,1342,1374,590,1382,0.0,False
selenium_login,2,2229,2229,3192,3313,3409,1025,3433,0.0,False
selenium_ctc_view_projects_action,2,966,966,1499,1565,1619,301,1632,0.0,True
ctc_view_project_compliance_settings,2,604,604,830,858,880,322,886,0.0,True
ctc_set_project_compliance_settings,1,20618,20618,20618,20618,20618,20618,20618,100.0,True
ctc_view_project_audit_history,1,937,937,937,937,937,937,937,0.0,True
ctc_view_project_audit_history_details,1,798,798,798,798,798,798,798,0.0,True
selenium_log_out,1,528,528,528,528,528,528,528,0.0,False
