Action,without app,with app,App-specific
jmeter_login_and_view_dashboard,1121,15793,False
jmeter_view_dashboard,300,752,False
jmeter_view_scrum_board,410,1105,False
jmeter_view_issue,480,1335,False
jmeter_search_jql,989,2738,False
jmeter_create_issue:open_quick_create,108,274,False
jmeter_view_backlog,639,1804,False
jmeter_create_issue:fill_and_submit_issue_form,384,768,False
jmeter_view_kanban_board,432,1348,False
jmeter_browse_projects,181,456,False
jmeter_edit_issue:open_editor,239,625,False
jmeter_edit_issue:save_edit,580,1463,False
jmeter_view_project_summary,266,644,False
jmeter_add_comment:open_comment,159,430,False
jmeter_add_comment:save_comment,514,1138,False
jmeter_browse_boards,144,426,False
selenium_login:open_login_page,133,267,False
selenium_login:login_and_view_dashboard,1410,1901,False
selenium_login,1534,2066,False
selenium_browse_projects_list,328,427,False
selenium_browse_boards_list,269,337,False
selenium_project_summary,386,553,False
selenium_create_issue:open_quick_create,1985,1915,False
selenium_create_issue:fill_and_submit_issue_form:submit_issue_form,1857,1866,False
selenium_create_issue:fill_and_submit_issue_form,2489,2526,False
selenium_create_issue,4360,4429,False
selenium_edit_issue:open_edit_issue_form,667,911,False
selenium_edit_issue:save_edit_issue_form,851,1096,False
selenium_edit_issue,2074,2449,False
selenium_save_comment:open_comment_form,291,416,False
selenium_save_comment:submit_form,751,1022,False
selenium_save_comment,2717,2754,False
selenium_search_jql,2172,3002,False
selenium_view_scrum_board_backlog,2124,2112,False
selenium_view_scrum_board,2083,2006,False
selenium_view_kanban_board,2062,2026,False
selenium_view_dashboard,308,471,False
selenium_view_issue,573,827,False
selenium_log_out,380,562,False
