Label,# Samples,Average,Median,90% Line,95% Line,99% Line,Min,Max,Error %,App specific
jmeter_login_and_view_dashboard,2,1772,1772,1776,1776,1777,1767,1777,0.0,False
jmeter_view_issue,31,1204,1201,1275,1304,1325,1124,1329,0.0,False
jmeter_search_jql,10,2080,2099,2156,2171,2182,1990,2185,0.0,False
jmeter_view_dashboard,9,974,951,1050,1059,1067,925,1069,0.0,False
jmeter_browse_projects,8,453,456,459,459,459,436,459,0.0,False
jmeter_view_scrum_board,7,1247,1244,1274,1275,1276,1207,1276,0.0,False
jmeter_view_backlog,6,1155,1129,1247,1292,1329,1077,1338,0.0,False
jmeter_view_kanban_board,6,1209,1208,1251,1252,1252,1165,1252,0.0,False
jmeter_create_issue:open_quick_create,4,292,292,297,298,298,285,298,0.0,False
jmeter_create_issue:fill_and_submit_issue_form,4,359,324,430,452,470,315,474,0.0,False
jmeter_edit_issue:open_editor,5,671,669,703,707,711,621,712,0.0,False
jmeter_edit_issue:save_edit,5,1287,1314,1342,1346,1350,1205,1351,0.0,False
jmeter_view_project_summary,3,1070,1084,1126,1131,1135,991,1136,0.0,False
jmeter_add_comment:open_comment,2,640,640,666,669,671,608,672,0.0,False
jmeter_add_comment:save_comment,2,1350,1350,1396,1402,1407,1292,1408,0.0,False
jmeter_browse_boards,1,620,620,620,620,620,620,620,0.0,False
selenium_login:open_login_page,13,323,185,237,906,1700,176,1898,0.0,False
selenium_login:login_and_view_dashboard,13,692,609,711,1059,1471,553,1574,0.0,False
selenium_login,13,1257,1063,1138,2159,3381,977,3686,0.0,False
selenium_ctc_view_projects_action,13,391,306,325,792,1350,239,1490,0.0,True
ctc_view_project_compliance_settings,13,345,332,344,524,739,249,793,0.0,True
ctc_set_project_compliance_settings,13,1126,1130,1160,1164,1170,1075,1171,0.0,True
ctc_view_project_audit_history,13,348,321,362,538,743,264,794,0.0,True
ctc_view_project_audit_history_details,13,685,683,750,804,860,610,874,0.0,True
selenium_log_out,13,556,560,619,625,631,420,632,0.0,False
