Label,# Samples,Average,Median,90% Line,95% Line,99% Line,Min,Max,Error %,App specific
jmeter_login_and_view_dashboard,2,1902,1902,1905,1906,1906,1899,1906,0.0,False
jmeter_view_issue,4,1205,1204,1237,1243,1249,1164,1250,0.0,False
jmeter_search_jql,2,2070,2070,2072,2072,2072,2069,2072,0.0,False
jmeter_view_dashboard,1,986,986,986,986,986,986,986,0.0,False
jmeter_browse_projects,1,504,504,504,504,504,504,504,0.0,False
jmeter_view_scrum_board,1,1299,1299,1299,1299,1299,1299,1299,0.0,False
jmeter_view_backlog,1,1072,1072,1072,1072,1072,1072,1072,0.0,False
jmeter_view_kanban_board,1,1189,1189,1189,1189,1189,1189,1189,0.0,False
jmeter_create_issue:open_quick_create,1,280,280,280,280,280,280,280,0.0,False
jmeter_create_issue:fill_and_submit_issue_form,1,424,424,424,424,424,424,424,0.0,False
jmeter_edit_issue:open_editor,1,667,667,667,667,667,667,667,0.0,False
jmeter_edit_issue:save_edit,1,1393,1393,1393,1393,1393,1393,1393,0.0,False
selenium_login:open_login_page,2,1032,1032,1710,1795,1863,183,1880,0.0,False
selenium_login:login_and_view_dashboard,2,1006,1006,1315,1353,1384,620,1392,0.0,False
selenium_login,2,2270,2270,3243,3364,3462,1054,3486,0.0,False
selenium_ctc_view_projects_action,2,902,902,1370,1428,1475,316,1487,0.0,True
ctc_view_project_compliance_settings,2,508,508,615,629,639,373,642,0.0,True
ctc_set_project_compliance_settings,2,640,640,651,653,654,625,654,100.0,True
ctc_view_project_audit_history,1,931,931,931,931,931,931,931,0.0,True
ctc_view_project_audit_history_details,1,973,973,973,973,973,973,973,0.0,True
selenium_log_out,1,515,515,515,515,515,515,515,0.0,False
