Label,# Samples,Average,Median,90% Line,95% Line,99% Line,Min,Max,Error %,App specific
jmeter_login_and_view_dashboard,2,1830,1830,1834,1835,1835,1826,1835,0.0,False
jmeter_view_issue,5,1191,1211,1223,1226,1228,1139,1229,0.0,False
jmeter_search_jql,2,2050,2050,2080,2084,2087,2013,2088,0.0,False
jmeter_view_dashboard,2,1002,1002,1008,1009,1010,993,1010,0.0,False
jmeter_browse_projects,1,486,486,486,486,486,486,486,0.0,False
jmeter_view_scrum_board,1,1226,1226,1226,1226,1226,1226,1226,0.0,False
jmeter_view_backlog,1,1126,1126,1126,1126,1126,1126,1126,0.0,False
jmeter_view_kanban_board,1,1181,1181,1181,1181,1181,1181,1181,0.0,False
jmeter_create_issue:open_quick_create,1,269,269,269,269,269,269,269,0.0,False
jmeter_create_issue:fill_and_submit_issue_form,1,311,311,311,311,311,311,311,0.0,False
jmeter_edit_issue:open_editor,1,639,639,639,639,639,639,639,0.0,False
jmeter_edit_issue:save_edit,1,1254,1254,1254,1254,1254,1254,1254,0.0,False
selenium_login:open_login_page,4,648,266,1409,1640,1825,190,1871,0.0,False
selenium_login:login_and_view_dashboard,3,882,583,1302,1392,1464,581,1482,0.0,False
selenium_login,3,1914,1158,3090,3332,3525,1011,3573,0.0,False
ctc_set_project_compliance_settings,3,1933,1442,2660,2812,2934,1393,2964,100.0,True
selenium_log_out,3,635,634,654,656,658,611,659,0.0,False
