Label,# Samples,Average,Median,90% Line,95% Line,99% Line,Min,Max,Error %,App specific
jmeter_login_and_view_dashboard,2,1730,1730,1759,1762,1765,1694,1766,0.0,False
jmeter_view_issue,162,1231,1210,1326,1344,1401,1106,2740,0.0,False
jmeter_search_jql,53,2110,2081,2222,2275,2927,1924,3545,0.0,False
jmeter_view_dashboard,48,1011,1000,1079,1093,1101,957,1103,0.0,False
jmeter_browse_projects,43,473,466,519,543,561,433,564,0.0,False
jmeter_view_scrum_board,38,1251,1228,1337,1368,1529,1167,1540,0.0,False
jmeter_view_backlog,28,1127,1132,1182,1208,1219,1042,1220,0.0,False
jmeter_view_kanban_board,33,1198,1188,1282,1303,1371,1133,1400,0.0,False
jmeter_create_issue:open_quick_create,19,280,279,289,292,298,266,300,0.0,False
jmeter_create_issue:fill_and_submit_issue_form,19,348,333,404,435,491,273,505,0.0,False
jmeter_edit_issue:open_editor,24,661,652,707,752,788,601,796,0.0,False
jmeter_edit_issue:save_edit,24,1200,1216,1278,1309,1328,1059,1332,0.0,False
jmeter_view_project_summary,14,1035,1024,1089,1140,1198,970,1212,0.0,False
jmeter_add_comment:open_comment,10,664,631,748,825,887,586,902,0.0,False
jmeter_add_comment:save_comment,9,1332,1314,1400,1461,1511,1222,1523,0.0,False
jmeter_browse_boards,5,671,680,716,718,720,618,720,0.0,False
selenium_login:open_login_page,9,445,202,678,1511,2177,179,2344,0.0,False
selenium_login:login_and_view_dashboard,9,1010,696,2070,2139,2193,609,2207,0.0,False
selenium_login,9,1665,1135,2991,3776,4404,1062,4561,0.0,False
selenium_ctc_view_projects_action,9,472,325,617,1138,1556,271,1660,0.0,True
ctc_view_project_compliance_settings,9,397,339,491,706,877,281,920,0.0,True
ctc_set_project_compliance_settings,9,1979,1976,2055,2062,2068,1902,2070,0.0,True
ctc_view_project_audit_history,9,380,350,458,591,697,287,724,0.0,True
ctc_view_project_audit_history_details,9,701,685,769,848,910,581,926,0.0,True
ctc_complete_new_audit,9,27770,28030,28174,28375,28536,26948,28576,0.0,True
selenium_log_out,9,540,521,710,741,767,429,773,0.0,False
