Label,# Samples,Average,Median,90% Line,95% Line,99% Line,Min,Max,Error %,App specific
jmeter_login_and_view_dashboard,200,4971,2340,15793,18400,23571,441,24240,0.0,False
jmeter_view_issue,14080,688,451,1335,1497,2314,213,4048,0.0,False
jmeter_search_jql,4558,1456,893,2738,3112,5058,482,9559,0.0,False
jmeter_view_dashboard,4136,389,275,752,862,1137,119,2188,0.0,False
jmeter_view_scrum_board,3312,560,402,1105,1291,1793,165,3325,0.0,False
jmeter_view_backlog,2475,910,619,1804,2008,3267,264,6632,0.0,False
jmeter_create_issue:open_quick_create,1658,143,105,274,317,491,45,985,0.0,False
jmeter_create_issue:fill_and_submit_issue_form,1658,424,330,768,859,1428,132,3246,0.0,False
jmeter_browse_projects,3711,227,149,456,520,703,75,2568,0.0,False
jmeter_view_kanban_board,2887,651,458,1348,1538,2337,148,5846,0.0,False
jmeter_edit_issue:open_editor,2065,317,169,625,703,1015,100,6398,0.0,False
jmeter_edit_issue:save_edit,2064,740,472,1463,1635,2544,255,3467,0.0,False
jmeter_view_project_summary,1238,318,226,644,748,1132,108,3257,0.0,False
jmeter_add_comment:open_comment,821,204,125,430,490,714,79,1624,0.0,False
jmeter_add_comment:save_comment,821,660,545,1138,1285,2320,246,3493,0.0,False
jmeter_browse_boards,405,235,201,426,479,659,87,946,0.0,False
selenium_login:open_login_page,114,158,126,267,330,399,104,470,0.0,False
selenium_login:login_and_view_dashboard,114,1523,1280,1901,2012,2159,499,34744,0.0,False
selenium_login,114,1703,1424,2066,2252,2417,637,35688,0.0,False
selenium_browse_projects_list,114,298,272,427,477,581,215,618,0.0,False
selenium_browse_boards_list,114,346,224,337,396,1370,200,9646,0.0,False
selenium_project_summary,114,447,330,553,596,1010,295,8024,0.0,False
selenium_create_issue:open_quick_create,114,1404,1382,1915,2017,2085,700,4836,0.0,False
selenium_create_issue:fill_and_submit_issue_form:submit_issue_form,114,1352,1321,1866,1931,2230,634,2450,0.0,False
selenium_create_issue:fill_and_submit_issue_form,114,1996,1980,2526,2615,2857,1253,3087,0.0,False
selenium_create_issue,114,3401,3269,4429,4599,5119,2069,7177,0.0,False
selenium_edit_issue:open_edit_issue_form,114,646,519,911,1010,1146,382,7582,0.0,False
selenium_edit_issue:save_edit_issue_form,114,787,638,1096,1281,1786,515,5809,0.0,False
selenium_edit_issue,114,2082,1865,2449,2621,2989,1605,14642,0.0,False
selenium_save_comment:open_comment_form,114,255,206,416,475,601,178,641,0.0,False
selenium_save_comment:submit_form,114,719,628,1022,1146,1592,524,1645,0.0,False
selenium_save_comment,114,2207,2234,2754,2953,3211,956,3406,0.0,False
selenium_search_jql,114,1921,1765,3002,3366,4123,900,8201,0.0,False
selenium_view_scrum_board_backlog,114,1721,1687,2112,2208,2571,784,9661,0.0,False
selenium_view_scrum_board,114,1487,1462,2006,2088,2307,765,4397,0.0,False
selenium_view_kanban_board,114,1534,1501,2026,2173,2337,746,2415,0.0,False
selenium_view_dashboard,114,313,266,471,560,641,205,851,0.0,False
selenium_view_issue,114,565,487,827,938,1241,389,1358,0.0,False
selenium_log_out,114,393,338,562,623,696,287,1596,0.0,False
