Label,# Samples,Average,Median,90% Line,95% Line,99% Line,Min,Max,Error %,App specific
jmeter_login_and_view_dashboard,200,500,462,654,766,885,315,988,0.0,False
jmeter_view_dashboard,4141,212,208,262,283,333,122,516,0.0,False
jmeter_view_issue,14102,327,317,396,429,509,219,755,0.0,False
jmeter_view_scrum_board,3317,272,257,352,383,460,167,593,0.0,False
jmeter_search_jql,4566,708,694,836,894,1040,462,1418,0.0,False
jmeter_create_issue:open_quick_create,1661,76,71,97,114,141,45,178,0.0,False
jmeter_view_backlog,2479,440,429,529,571,667,287,802,0.0,False
jmeter_create_issue:fill_and_submit_issue_form,1661,199,183,275,305,350,134,476,0.0,False
jmeter_view_kanban_board,2892,318,309,415,466,573,147,733,0.0,False
jmeter_browse_projects,3716,122,117,154,171,215,77,304,0.0,False
jmeter_edit_issue:open_editor,2068,149,146,179,197,248,104,348,0.0,False
jmeter_edit_issue:save_edit,2068,380,373,468,503,605,263,988,0.0,False
jmeter_view_project_summary,1239,176,166,230,253,303,112,364,0.0,False
jmeter_add_comment:open_comment,822,117,116,138,154,186,80,259,0.0,False
jmeter_add_comment:save_comment,822,388,370,516,566,640,266,721,0.0,False
jmeter_browse_boards,405,135,133,159,176,208,90,277,0.0,False
selenium_login:open_login_page,122,123,118,138,162,186,98,433,0.0,False
selenium_login:login_and_view_dashboard,122,839,616,1333,1360,1547,496,2946,0.0,False
selenium_login,122,978,750,1468,1499,1714,620,3402,0.0,False
selenium_browse_projects_list,122,284,285,334,346,359,214,480,0.0,False
selenium_browse_boards_list,122,232,224,250,269,300,201,649,0.0,False
selenium_project_summary,122,361,330,468,495,524,296,564,0.0,False
selenium_create_issue:open_quick_create,122,1258,1201,1990,2081,2155,708,2160,0.0,False
selenium_create_issue:fill_and_submit_issue_form:submit_issue_form,122,1280,1280,1866,1934,1963,617,1977,0.0,False
selenium_create_issue:fill_and_submit_issue_form,122,1908,1925,2499,2540,2573,1246,2609,0.0,False
selenium_create_issue,122,3166,3067,4517,4612,4710,1955,4730,0.0,False
selenium_edit_issue:open_edit_issue_form,122,490,440,675,684,732,388,897,0.0,False
selenium_edit_issue:save_edit_issue_form,122,622,604,713,813,838,518,898,0.0,False
selenium_edit_issue,122,1768,1756,1899,1949,2055,1591,2194,0.0,False
selenium_save_comment:open_comment_form,122,211,203,230,254,371,185,413,0.0,False
selenium_save_comment:submit_form,122,619,614,700,729,814,515,886,0.0,False
selenium_save_comment,122,2107,2139,2720,2771,2874,946,2897,0.0,False
selenium_search_jql,122,1507,1531,2016,2072,2153,895,2198,0.0,False
selenium_view_scrum_board_backlog,122,1608,1697,2097,2155,2224,815,2231,0.0,False
selenium_view_scrum_board,122,1474,1490,2043,2143,2179,761,2198,0.0,False
selenium_view_kanban_board,122,1499,1456,2044,2119,2160,724,2201,0.0,False
selenium_view_dashboard,122,257,253,291,305,345,196,349,0.0,False
selenium_view_issue,122,478,470,548,575,631,372,705,0.0,False
selenium_log_out,122,321,316,350,366,401,286,451,0.0,False
