Label,# Samples,Average,Median,90% Line,95% Line,99% Line,Min,Max,Error %,App specific
jmeter_login_and_view_dashboard,2,1788,1788,1794,1795,1796,1781,1796,0.0,False
jmeter_view_issue,31,1219,1213,1296,1348,1365,1130,1367,0.0,False
jmeter_search_jql,10,2057,2076,2139,2163,2182,1921,2187,0.0,False
jmeter_view_dashboard,9,1070,1082,1153,1186,1213,943,1220,0.0,False
jmeter_browse_projects,8,485,488,517,524,530,440,532,0.0,False
jmeter_view_scrum_board,7,1244,1252,1276,1277,1278,1192,1278,0.0,False
jmeter_view_backlog,6,1126,1128,1147,1148,1150,1102,1150,0.0,False
jmeter_view_kanban_board,6,1210,1176,1306,1339,1366,1135,1373,0.0,False
jmeter_create_issue:open_quick_create,4,286,289,293,293,293,273,293,0.0,False
jmeter_create_issue:fill_and_submit_issue_form,4,358,352,416,424,430,294,432,0.0,False
jmeter_edit_issue:open_editor,5,623,620,650,658,665,591,667,0.0,False
jmeter_edit_issue:save_edit,4,1272,1237,1404,1426,1443,1167,1447,0.0,False
jmeter_view_project_summary,3,1029,1043,1062,1065,1067,976,1067,0.0,False
jmeter_add_comment:open_comment,2,584,584,589,589,590,578,590,0.0,False
jmeter_add_comment:save_comment,2,1262,1262,1283,1285,1287,1235,1288,0.0,False
jmeter_browse_boards,1,731,731,731,731,731,731,731,0.0,False
selenium_login:open_login_page,2,1250,1250,2106,2213,2299,180,2320,0.0,False
selenium_login:login_and_view_dashboard,2,1382,1382,1920,1988,2042,709,2055,0.0,False
selenium_login,2,2862,2862,4260,4434,4574,1114,4609,0.0,False
ctc_complete_new_audit,2,28426,28426,29348,29463,29555,27274,29578,0.0,True
selenium_log_out,2,575,575,637,645,651,497,653,0.0,False
